jan,apr,aug
24.99,8.82,0.84
26.82,9.13,2.05
25.81,9.39,1.88
25.75,9.44,1.78
26.02,9,1.85
25.84,8.94,1.15
27.12,8.78,2.22
26.65,9.32,2.24
26.28,9.16,2.11
27.03,8.68,2.4
25.33,9.36,2.44
25.79,9.03,2.96
24.4,9.01,3.28
24.57,8.62,3.45
26.21,8.68,2.38
25.9,9.42,2.24
26,9.29,2.08
28.7,9.55,2.02
27.56,8.76,2.32
27.95,8.79,2.24
29.06,8.94,2.18
29.46,9.13,2.14
30.17,9.3,2.45
31.22,9.48,2.28
35.18,9.39,2.31
30.98,9.04,3.42
35.44,9.11,2.82
33.35,9.54,2.5
34.59,9.28,2.27
38.04,8.7,2.2
37.66,9.28,3.31
34.97,9.07,1.28
47.02,8.96,1.6
173.22,9.08,1.73
58.31,9.05,2.64
260.91,8.66,1.95
56.93,9.31,1.67
49.19,9.46,1.51
46.72,9.79,1.41
47.22,9.81,1.79
49.97,9.63,1.3
174.78,9.92,1.32
48.25,10.03,1.51
49.99,9.7,1.9
50.1,10.04,1.63
48.05,9.44,1.37
47.33,9.23,1.47
47.29,8.93,1.58
46.74,8.89,1.44
46.17,8.8,1.07
45.36,8.85,1.15
46.04,8.78,1.28
44.47,9.27,1.33
47.31,9.5,1.48
49.57,9.7,1.37
50.84,9.77,1.48
50.86,9.65,2.63
31.03,9.54,2.35
30.26,9.84,1.76
31.35,9.35,2.43
30.09,10.17,2.64
28.87,9.86,1.95
26.61,10.05,3.35
26.91,10.53,1.87
27.72,9.89,2.23
29.35,9.82,3.19
28.13,10.15,1.99
27.62,9.97,1.73
30.53,10.18,1.76
24.46,9.51,1.94
23.09,9.05,1.69
22.45,9.41,2.07
22.68,9.06,2.22
20.72,9.5,2.42
22.08,9.5,1.99
21.88,9.59,2.14
25.55,9.38,2.86
25.46,9,2.22
24.71,9.48,2.23
16.35,8.86,1.74
16.79,9.71,2.18
16.61,8.98,2.21
19.54,8.73,2.2
18.07,8.85,2.14
18.65,8.72,2.26
15.32,8.85,2.1
13.61,8.69,1.79
18.25,9.07,2.05
16.65,9.22,1.91
18.91,9.67,2.73
19.55,9.75,2.12
19.08,9.91,2.3
18.64,10.17,3.35
17.72,10.53,2.38
16.94,10.14,2.77
24.29,11.05,1.76
24.17,10.51,2.13
13.4,10.72,1.51
12.74,10.63,1.82
12.75,11.14,3.2
13.7,10.97,1.99
11.12,11.16,2.28
11.69,9.57,4.18
11.82,10.06,3.09
12.12,10.46,3.36
12.58,10.5,5.45
21.57,10.62,2.34
16.53,10.55,2.65
15.62,9.87,2.11
28.41,10.53,4.09
16.83,11.04,3.14
18.4,10.12,4.51
15.92,10.5,2.58
17.61,10.43,3.66
16.98,10.34,3.52
17.57,9.93,1.9
20.81,9.73,2.78
18.86,9.9,4.41
19.38,10.55,3.11
17.5,9.56,4.12
25,9.89,6.54
19.05,9.59,9.08
22.82,9.49,9.4
23.49,9.96,9.43
20.46,8.7,9.38
22.06,9.54,12.76
23.76,9.31,7.83
21.67,9.54,5.84
22.27,10,6.14
24.77,8.97,7.36
22.33,9.27,9.26
19.27,9.61,5.67
25.12,12.76,6.88
23.92,12.65,7.17
19.31,9.94,3.49
23.9,9.28,3.36
23.36,9.03,3.57
31.61,9.84,4.08
25.61,9.79,4.86
23.93,9.63,3.87
23.7,9.78,2.09
26.83,9.28,2.85
24.33,9.15,7.84
22.14,9.8,3.85
23.99,9.61,3.06
27,10.13,1.43
27.05,10.23,2.64
26.48,10.18,2.21
26.55,11.54,3.11
26.46,13.45,1.95
26.57,12.67,2.21
28.91,12.46,2.06
26.28,12.23,1.67
29.4,13.13,1.73
29.51,12.47,2.38
28.09,12.98,3.09
31.03,13.13,1.59
26.88,12.53,2.9
33.15,12.5,1.65
40.2,13.13,1.95
39.34,12.54,3.1
36.77,12.7,2.23
40.78,12.91,2.02
42.87,14.34,2.78
46.1,13.41,6.54
63.07,13.84,3.61
64.18,14.15,2.04
70.89,14.91,1.47
79.59,13.05,1.82
82.39,14.73,2.19
78.55,13.86,1.7
72.78,14.01,1.7
62.97,13.57,2.5
62.32,13.78,1.88
62.11,13.66,1.96
61.63,12.31,1.82
50.94,13.18,3.18
47.7,11.62,3.34
34.06,11.99,1.48
31.75,11.61,2.02
30.17,11.09,1.32
31.46,10.18,1.39
31.54,10.58,1.65
24.86,10.08,1.52
24.5,10.9,1.28
24.54,10.84,1.81
21.51,10.31,1.17
20.64,9.78,1.09
19.45,9.79,1.31
19.6,9.89,2.55
19.4,9.23,1.21
20.32,9.5,1.79
20.34,9.32,1.5
22.64,9.54,1.42
25.55,9.05,1.44
21.72,9.52,1.26
21.74,9.96,1.27
19.3,10.03,1.31
18.08,9.85,1.42
18.89,9.72,1.19
17.7,9.68,1.44
16.83,10.15,0.99
17.92,10.34,1.16
18.11,11.03,1.2
19.3,10.24,1.67
17.31,10.35,2.53
17.96,10.01,1.78
17.51,9.6,1.52
17.56,9.98,1.7
18.03,9.55,2.07
19.49,9.75,2.62
21.27,9.96,3.58
21.96,9.72,4.52
21.64,10.01,3.81
19.97,9.93,3.16
21.23,9.78,3.43
19.86,10.56,3.09
21.83,10.06,6.66
23.37,9.49,2.95
24.24,10.34,3.24
25.65,9.78,6.29
28.41,10.12,3.64
27,9.88,4.11
28.52,10.39,3.41
32.75,9.87,3.86
28.18,10.94,3.9
31.72,9.88,4.87
40.82,9.85,2.73
29.8,10.01,2.92
37.13,10.31,5.3
42.63,10.31,2.65
59.56,10.1,3.18
30.88,10.12,3.19
32.52,10.38,1.96
31.08,9.65,3.61
33.79,10.31,2.7
35.76,9.61,1.94
41.19,9.91,2.14
38.27,9.66,2.89
45.27,9.99,2.43
46.61,10.08,3.8
45.07,10.61,2.97
47.03,10.53,2.35
48.48,10.49,2.8
50.15,10.13,2.31
52.09,10.57,2.6
53.39,11.33,4.68
51.1,11.6,2.77
40.37,11.08,2.55
42.48,11.23,2.05
44.44,11.28,3.52
38.95,12.06,2.31
35.69,10.63,2.68
35.57,10.84,2.07
34.91,11.58,2.75
38.18,11.06,1.39
34.02,11.21,1.98
29.68,10.27,1.43
24.57,10.89,1.56
23.84,11.07,1.25
23.65,11.44,1.18
24.4,10.78,2.35
24.43,11.06,1.83
24.23,10.5,1.95
19.53,10.73,1.9
20.43,11.4,2.28
20.03,10.73,1.78
21.06,11.04,1.69
23.67,11.01,2.33
18.83,10.49,2.08
17.38,10.44,1.57
15.91,10.38,1.77
15.77,10.54,2.05
14.52,10.75,1.81
13.38,10.54,1.83
12.33,11.35,2.19
12.19,10.35,1.96
10.65,10.31,2.03
11.62,10.54,2.19
10.01,10.48,2.32
12.21,10.6,2.82
13.66,10.24,2.53
10.3,10.93,2.72
10.5,10.86,2.65
14.84,10.26,2.58
19.45,10.08,2.55
19.38,10.57,3.23
19.16,10.69,3.37
19.92,11.21,4.1
17.09,10.8,2.84
18.71,10.76,3.06
19.74,10.98,4.14
20.02,10.28,3.21
21.88,10.07,4.14
24.6,10.21,2.57
17.35,10.16,4.7
16.94,10.17,2.62
16.69,10.24,2.65
17.01,10.06,2.36
17.27,10.91,2.83
17.48,10.07,2.55
15.56,10.76,6.47
15.58,9.75,2.19
16.77,9.5,2.2
20.99,9.72,3.73
17.45,9.66,2.3
17.47,9.85,5.86
19.62,9.44,5.04
20.63,9.17,4.43
22.43,9.18,3.81
20.81,8.94,7.26
21.56,8.9,3.09
24.02,9.06,8.73
20.83,9.02,5.15
20.77,9.22,4.3
21.68,9.38,6.58
28.2,9.12,6.92
26.38,9.73,7.03
27.02,9.53,8.1
24.02,9.01,9.38
25.55,9.13,7.45
29.24,9.13,5.31
27.58,9.05,3.88
26.14,8.67,4.22
24.22,8.63,4.57
28.45,10.29,4.78
34.25,9.04,3.94
29.14,10.06,4.56
23.87,9.17,6.22
27.99,10.26,4.38
27.66,9.19,4.44
30.28,9.61,4.5
34.81,9.54,3.94
37.46,9.88,3.38
37.02,9.93,3.05
36.75,10.4,2.8
32.73,10.17,2.72
28.35,10.93,2.66
31.87,9.68,3.63
29.87,9.93,2.59
30.74,10.06,3.4
31.97,9.48,2.98
38.28,8.35,1.91
39.38,8.62,2.26
39.76,8.04,1.68
38.03,8.4,1.84
36.51,8.89,2.43
35.76,9.03,2.41
33.99,8.52,1.8
32.5,9.53,2.02
32.67,9.05,3.54
33.51,9.73,1.78
32.9,9.59,2.42
31.97,9.58,1.74
33.92,9.64,2.31
30.52,10.03,2
29.06,10.6,2.68
27.24,10.98,1.94
25.94,10.99,2.83
24.05,14.51,1.96
24.44,16.6,1.63
23.85,16.99,1.7
22.86,16.91,1.42
22.01,17.95,2.47
21.38,18.64,2.11
22.51,17.62,1.7
21.9,17.85,1.68
20.67,16.4,1.72
20.95,15.69,2.52
22.52,17.86,1.84
23.73,17.56,1.61
21.89,17.75,1.33
24.02,17.96,1.75
22.96,18.51,2.27
21.93,15.81,1.68
21.64,17.08,1.77
20.28,16.98,2.59
20.66,16.98,3.03
21,14.8,3.85
20.86,14.69,2.82
20.13,14.81,2.75
18.96,14.58,3.03
19.4,14.08,2.92
20.01,13.25,2.96
20.06,12.35,2.79
20.56,12.75,2.84
22.05,12.95,2.53
23.25,13.1,2.47
24.74,13.15,2.42
24.95,12.95,2.89
23.2,12.83,3.21
26.09,13.31,2.65
26.78,12.59,3.08
25.79,12.52,3.08
34.7,13.09,3.25
37.48,11.98,3.31
36.61,12.84,2.37
38.6,12.97,3.42
30.41,12.48,2.61
31.26,13.28,2.72
30.91,12.65,2.74
30.75,12.63,4.3
29.48,12.61,2.47
28.75,12.59,2.94
27.3,12.98,3.36
29.3,13.05,4.57
32.49,13.48,3.26
30.16,12.74,2.95
30.86,13.53,4.44
27.31,13.28,4.2
27.97,12.32,3.74
26.89,12.34,3.08
28.1,12.22,3.74
25.16,12.53,4.26
24.49,12.52,3.63
22.71,12.16,6.67
23.95,12.46,4.86
24.18,12.64,5.49
23.05,12.27,4.77
21.8,12.86,4.5
21.77,12.64,3.76
19.49,12.32,7.67
20.49,13.05,3.74
19.79,12.77,4.6
20.34,12.77,3.45
18.46,12.23,3.66
19.82,12.74,3.11
18.67,12.45,3.17
16.91,12.48,3.71
18.72,12.66,3.08
16.3,12.71,4.44
17.2,12.69,3.7
17.21,13.34,3.34
18.12,12.2,3.62
21.79,12.21,3.58
18.36,12.07,3.21
16.65,12.24,3.7
16.69,12.69,4.11
17.74,12.69,3.63
18.49,12.32,3.83
17.68,12.65,3.16
16.73,12.21,2.93
17.17,12.2,3.1
17.08,12.76,2.41
17.19,12.03,3.88
18.53,12.86,2.51
17.49,11.71,2.01
16.37,12.58,2.68
15.49,12.09,3.25
17.43,11.59,2.27
16.45,12.12,2.84
15.48,11.31,2.91
15.98,11.41,2.85
14.31,12.11,2.67
13.65,11.78,2.24
14.14,11.25,2.86
14.14,11.18,2.69
14.41,10.84,5.39
13.87,10.9,4.42
12.68,10.86,2.67
11.22,10.63,3.16
9.6,11.17,2.45
8.99,11.03,2.33
8.39,11.41,2.49
8.52,11.1,2.86
8.7,11.9,2.91
8.32,10.35,3.03
8.09,10.69,3.14
7.31,11,3.28
6.57,10.82,2.9
6.72,11.01,2.87
6.08,11.37,3.24
5.22,11.43,3.51
4.62,11.4,3.52
8.47,11.78,3.48
5.04,12.11,3.77
6.48,13.69,3.7
5.34,14.46,3.96
4.84,14.34,4.51
6.53,14.32,3.75
5.86,14.61,3.9
4.66,14.47,3.44
5,13.65,3.49
4.84,14.11,3.41
4.11,14.27,3.93
3.92,14.54,3.38
4.03,14.5,3.28
6.5,14.63,3.21
4.99,14.6,4.08
4.45,14.26,5.15
3.67,13.45,5.65
4.12,12.99,5.7
3.49,13.18,3.23
3.31,11.51,4.44
3.48,11.73,3.72
4.76,9.01,4.77
3.73,9.25,5.49
3.58,9.51,4.56
3.66,10.04,4.67
3.5,9.25,5.16
4.09,8.8,4.3
4.7,9.27,4.82
5.6,9.28,7.04
5.19,10.06,4.96
6.58,9.84,4.88
4.68,9.64,5.87
8.24,9.57,6.27
6.38,9.28,5.19
6.87,9.6,5.79
4.16,9.38,4.94
4.08,9.27,6.03
4.09,9.5,5.52
6.36,9.2,6.42
6.17,9.59,7.7
5.37,9.75,6.92
11.54,9.17,5.86
4.46,9.41,6.23
5.54,9.11,6.39
4.12,9.8,5.6
3.56,9.26,7.01
7.65,9.52,5.87
7.62,10.35,6.41
4.55,10.27,3.66
4.08,10.31,5.06
4.28,10.1,3.8
5.31,9.9,6.59
4.51,10.14,4.46
5.1,10.05,4.88
4.38,10.55,4.14
4.45,9.85,3.62
7.47,9.42,2.97
4.46,11.45,2.84
5.14,12.23,2.54
6.36,12.64,2.75
7.33,12.6,2.74
8.1,12.19,2.14
9.48,13.05,1.91
17.53,14.83,3.01
17.7,15.37,1.61
17.89,15.82,1.74
16.66,15.74,1.8
16.39,17.82,1.69
19.59,17.9,1.7
20.69,15.89,1.82
21.76,16.09,1.85
19.93,15.94,1.68
17.55,16.18,1.98
15.92,15.59,2.15
13.56,16.45,1.98
12.82,18.68,2.18
11.28,18.76,2.08
11.7,17.65,1.81
11.89,17.13,2.07
10,16.13,1.5
9.67,16.57,1.56
11.05,18.07,1.36
9.14,20.12,1.99
8.98,20.12,1.64
8.18,21.17,1.37
8.78,22.54,1.63
9.28,23.18,1.5
9.57,20.58,1.35
7.28,19.51,1.5
6.35,18.96,1.56
6.42,20.02,1.69
5.7,20.61,1.45
5.25,19.43,1.81
4.73,18.23,3.12
4.5,16.17,3.08
4.78,16.55,2.32
4.06,15.43,1.81
4.18,16.14,2.03
4.9,16.52,2.18
5.2,15.78,2.48
4.83,15.15,2.01
3.71,15.22,2.74
4.78,15.29,3.25
4.31,14.97,2.41
4.29,14.6,3.04
4.76,14.7,2.6
4.88,15.34,2.32
5.78,14.04,2.12
5.61,14.78,2.36
6.56,14.46,2.07
7.56,14.01,3.36
7.46,14.33,2.7
8.15,13.92,2.98
9.16,13.93,3.55
10.79,13.79,6.69
11.83,14.19,3.7
11.19,13.52,3.81
11.15,13.36,3.69
11.28,13.1,4.76
11.3,13.5,6.52
11.29,13.71,5.32
12.05,13.09,9.13
11.73,13.22,3.22
12.61,13.48,3.93
13.55,13.05,3.78
15.3,12.75,3.58
15.77,12.88,3.83
14.6,13.45,2.86
16.15,12.79,4.64
16.42,13.15,3.42
14.47,12.99,3.28
14.73,13.18,3.76
15.11,14.14,4.02
13.96,14.98,3.33
13.81,15.49,3.89
15.15,15.56,4.65
14.71,15.46,5.14
14.81,15.24,5.06
14.53,15.14,4.38
13.87,15.83,4.25
15.23,15.59,7.67
13.3,15.99,10.73
13.33,16.4,6.73
14.35,15.94,4.21
13.94,15.81,2.56
14.2,14.23,2.7
14.17,13.03,2.63
13.72,13.32,2.17
14.73,12.12,1.68
15.7,11.88,2.85
14.31,11.91,0.91
14.56,12.09,0.72
14.39,12.01,1.7
13.75,11.94,1.1
14.27,11.35,1.71
13.86,11.41,0.45
13.83,10.87,2.33
13.22,10.91,0.65
13.14,10.37,0.51
12.31,10.29,1.14
14.78,10.69,0.33
13.11,10.63,0.37
12.68,10.43,0.61
13.56,10.78,1.36
13.2,10.85,1.41
13.35,10.35,1.81
14.35,10.35,2.34
16.05,11.17,1.88
14.73,10.51,1.24
15.19,10.78,2.41
16.07,10.77,1.89
16.08,11.14,4.4
16.33,11.06,1.78
16.37,11.61,4.12
15.15,10.62,1.65
15.63,10.82,2.92
15.52,11.23,1.93
16.54,10.73,1.64
15.59,10.67,1.44
13.45,10.15,1.89
15.07,11.23,2.86
13.91,10.84,2.24
13.08,11.07,2.83
12.86,10.63,4.21
12.99,10.9,3.72
13.04,11.41,3.15
15.67,11.59,3.61
13.12,11.83,3.14
12.47,12.2,4.88
12.48,12.41,3.38
14.45,12.52,2.96
13.6,11.59,2.62
13.14,12.14,3
14.66,12.06,3.09
14.64,12.1,3.35
15.11,12.34,3.35
13.93,12.19,2.95
13.23,12.83,3.02
13.1,12.99,4.19
13.37,13.42,3.05
14.66,12.99,3.4
13.33,12.49,3.35
13.85,13.38,3.45
12.82,12.75,3.68
12.35,12.6,3.31
12.49,9.03,2.54
11.41,8.76,2.81
11.99,9.3,1.92
12.68,8.67,2.38
11.03,8.96,1.91
12.16,8.62,1.55
11.42,8.53,1.97
11.72,8.42,2.12
13.76,7.81,2.68
15.44,8.3,2.43
19.96,8.37,2.45
16.73,8.36,2.92
23.44,9.2,2.92
21.11,8.81,4.13
29,8.45,4.07
24.46,8.04,4
26.07,9.06,4.73
25.65,9.2,4.75
26.11,9.16,3.57
34.53,9.53,5.18
32.09,9.24,5.51
32.42,9.59,3.95
27.12,8.82,4.74
28.66,8.87,4.04
33.33,9.13,3.95
28.59,9.18,6.44
27.6,8.55,4.75
27.37,8.69,8.14
29.16,9.49,7.74
28.78,9.66,4.4
32.33,9.91,5
35.51,9.7,3.83
33.55,10.01,3.44
33.89,10.57,3.87
34.55,10.59,3.96
35.16,10.79,3.06
37.25,10.86,2.23
35.6,11.33,2.84
36.5,11.25,2.5
38.74,11.31,2.51
40.97,10.13,2.78
36,11.01,1.95
33.64,10.82,1.85
39.37,11.17,2.73
42.27,10.83,2.27
48.06,12.21,2.09
43.23,11.48,2.23
44.54,11.19,2.21
43.37,11.93,1.99
42.33,13.98,2.01
43.68,14.52,2.16
41.91,13.37,2.2
42.23,14.67,2.3
43.44,13.8,2.41
40.78,13.99,2.95
37.73,14.2,2.12
36.95,14.47,2.2
36.42,15.34,2.47
36.07,13.91,1.98
33.89,15.22,1.83
34.71,14.92,2.65
33.15,15.41,1.88
34.81,15.82,3.08
34.25,15.3,2.63
30.77,18.4,2.12
32.07,17.58,2.37
26.95,18.28,2.17
25.35,18.67,1.97
24.83,19.71,1.75
24.25,19.47,1.91
28.21,21.53,1.76
27.33,21.63,1.71
27.5,21.72,2.03
28.21,18.59,1.62
26.4,20.18,3.7
28.49,20.24,1.93
28.08,20.19,1.91
28.22,21.12,1.99
29.69,19.4,2.3
29.64,19.68,1.77
28.04,18.48,1.98
28.72,18.78,1.97
28.98,17.43,1.9
29.62,17.61,1.7
28.17,17.57,2.77
24.93,16.52,1.41
25.61,14.16,1.64
25.9,14.05,1.6
25.2,14.2,2.68
25.79,13.5,2.34
26.3,13.35,2.26
27.47,13.74,2.13
26.63,14.06,3.09
26.34,13.68,1.81
25.02,14.42,2.04
26.44,13.44,2.61
28.32,13.68,3.19
31.47,13.78,1.62
32.69,13.11,1.66
27.04,13.21,1.95
25.83,12.64,1.95
31.47,13.47,1.85
29.03,12.73,1.43
24.33,12.81,1.65
22.91,12.85,2.65
23.5,13.43,0.87
23.79,13.85,1
22.64,13.48,0.94
21.75,13.72,1.31
22.77,13.56,1.22
22.57,13.32,1.87
22.42,14.36,3.11
22.08,13.66,2.6
22.62,13.39,1.99
21.57,13.66,2.44
23.16,12.78,2.94
24.96,12.99,3.85
24.35,12.85,3.32
24.93,13.03,2.26
24.65,13.11,5.27
23.11,13.22,3.22
22.5,12.85,2.73
22.07,13.03,3.21
25.21,12.44,2.05
28.9,13.04,3
28.74,13.04,2.17
29.3,13.45,2.24
28.28,12.61,3.33
28.56,12.84,1.77
26.46,13.22,2.22
26.25,12.52,1.95
25.01,12.56,2.27
24.47,13.13,2.09
24.17,13.46,2.11
24.25,12.53,6.96
22.79,13.84,4.95
23.02,14.07,4.46
20.57,15.93,5.31
21.45,14.76,5.38
23.49,15.05,1.62
20.97,13.47,2.8
20.47,12.9,2.69
20.36,14.68,1.8
20.4,13.22,1.79
20.61,15.15,2.93
20.42,12.84,8.63
20.72,13.34,1.58
20.11,12.71,1.89
19.1,12.69,1.73
20.36,12.5,1.64
19.78,12.8,3.13
18.12,12.64,5.01
17.99,13,3.14
16.9,12.44,2.67
21.25,12.81,3.64
17.43,13.04,1.91
15.84,12.7,1.97
15.5,12.17,2.39
13.65,13.21,2.4
10.24,12.86,3.38
10.19,13.61,2.89
9.54,13.64,2.79
10.07,13.82,2.81
9.66,14.02,2.84
11.02,14.59,2.18
11.23,13.55,3.38
10.81,14.04,2.84
10.51,13.52,3.01
11.73,13.55,2.14
13.19,14,2
15.66,14.13,3.19
13.9,13.94,2.31
9.54,13.86,2.54
9.03,13.38,2.21
9.01,13.69,2.6
9.56,13.59,2.03
9.89,14.08,2.53
10.14,14.22,2.18
9.06,14.04,2.31
8.9,14.09,1.99
9.83,14.34,2.14
11.06,14.2,2.13
11.23,13.66,2.36
10.26,14.03,2.27
21.07,16.44,2.44
10.08,11.02,2.2
10.9,10.78,2.23
13.03,10.93,2.3
12.58,10.31,2.75
11.08,10.32,3.49
19.45,10.51,2.65
14.24,10.02,2.21
11.17,10.52,2.19
11.45,10.35,2.41
12.42,9.74,2.59
17.99,9.45,2.08
17.21,10.12,2.01
13.24,9.55,2.2
13.25,10.93,3.04
14.95,8.88,3.91
14.58,9.72,3.38
14.67,10,2.61
18.25,9.19,2.56
15.93,10.15,2.43
16.94,10.73,3.04
17.1,11.02,2.57
15.72,10,2.09
16.44,10.27,2.55
15.05,9.97,3.01
21.7,10.12,2.76
16.42,9.68,2.25
22.08,10.17,2.05
20.11,10.58,2.44
18.77,9.37,3.78
16.41,9.9,3.31
20.12,10.43,3.6
15.73,9.97,3.46
14.04,9.88,4.75
16.47,9.78,3.61
18.82,10.21,4.49
27.35,10.11,4.09
25.66,10.34,4.37
25.99,10.76,5.25
27.82,10.6,5.02
31.41,11.18,4.56
29.84,10.25,5.02
29.98,10.02,3.41
37.86,11.1,3.47
39.11,10.46,2.99
32.95,10.58,4.84
30.3,11.62,4.08
31.77,11.86,3.66
25.28,11.64,3.74
24.56,11.37,3.45
24.86,12.23,2.39
21.8,11.59,2.79
21.38,13.22,2.68
21.06,10.5,3.81
19.81,9.8,3.15
20.24,10.75,1.98
22.62,10.17,1.99
21.96,11.3,1.62
22.59,9.25,1.43
21.77,10.66,1.22
21.53,14.91,1.92
22.33,14.4,1.81
22.56,15.37,0.89
24.66,17.51,1.2
24.73,18.85,1.29
24.21,18.03,1.19
23.7,18.57,1.44
23.77,19.69,1.31
25.12,18.12,1.36
25.52,18.47,1.34
23.01,19.9,1.36
23.61,19.95,1.16
24.9,20,1.24
26.6,19.93,1.16
25.67,19.26,1.53
26.61,18.16,1.91
26.29,17.12,1.3
25.93,17.14,1.4
25.22,16.1,1.4
24.59,15.63,1.3
26.16,15.79,1.28
25.83,16.32,1.42
27.21,17.57,1.43
27.59,20.6,1.36
29.96,23.99,1.46
26.37,23.12,1.66
25.11,22.53,1.85
29.64,21.64,1.44
26.35,22.8,1.55
24.1,21.31,1.26
22.58,21.91,2.13
23.45,18.97,1.84
22.2,21.3,1.69
21.64,20.24,1.24
22.89,20.57,1.63
23.05,19.19,1.49
23,16.41,1.23
25.8,16.04,1.34
23.98,17.14,1.28
27.66,15.74,1.94
27.29,15.68,1.39
26.04,14.55,1.51
25.7,14.31,1.31
24.37,14.46,1.33
24.29,14.8,0.98
23.99,14.76,1.36
26.85,14.54,1.38
23.93,15.1,1.37
22.18,15.05,1.82
22.1,14.91,1.49
20.93,14.93,1.46
20.88,13.92,3.05
21.05,13.89,2.76
18.83,13.66,4.43
17.82,13.07,2.76
17.59,13.77,2.9
16.61,13.97,2.87
17.31,14.71,3.23
15.38,16.78,3.84
15.87,18.56,2.62
14.33,12.96,4.33
15.34,13.73,3.23
14.34,13.3,2.16
15.29,12.43,2.24
15.75,12.87,2.24
15.7,13.19,1.77
14.98,12.94,1.56
14.43,12.79,1.48
14.64,12.36,1.6
14.04,11.63,2.68
15.81,11.83,1.38
15.54,11.91,1.4
15.93,11.72,1.88
15.62,12.19,2.03
16.28,11.1,1.93
19.94,11.64,2.35
21.57,11.67,2.07
23.74,11.1,2.66
24.96,11.59,2.64
26.61,10.74,2.17
25.14,11.39,2.2
24.82,10.75,1.78
24.77,11.65,1.8
25.7,11.02,1.54
24.01,11.27,2.49
30.08,12.08,3.13
29.18,11.94,3.97
39.81,11.22,3.89
28.96,10.9,4.2
38.88,11.14,4.72
41.28,11.16,2.04
43.43,11.81,1.63
44.15,11.87,1.85
37.02,11.78,1.98
39.52,11.42,3.43
42.7,10.83,2.41
41.55,11.11,1.3
43.92,11.21,1.39
45.97,10.79,1.84
36.9,10.61,1.48
40.43,10.32,2.23
37.94,10.64,2.37
38.83,10.69,4.33
34.03,10.73,3.58
33.87,10.88,2.97
33.32,10.5,3.29
28.35,10.85,3.01
27.15,11.04,4.56
26.62,10.81,3.29
29.18,10.82,5.2
23.16,11.21,2.7
22.81,11.08,2.88
24.47,10.92,2.58
23.45,11.01,1.54
23.42,10.59,2.6
23.88,10.69,1.33
25.33,10.36,1.92
24.41,10.99,1.25
25.44,10.51,1.01
25.56,11.05,1.24
24.77,11.12,1.79
25.7,11.64,1.71
26.36,12.45,2.11
25.95,11.74,3
27.83,12.44,3.24
27.19,12.54,2.74
28.69,12.44,3.66
28.14,12.31,3.09
28.3,11.62,3.52
30.15,12.55,3.11
26.89,11.67,3.23
28.26,11.62,3.51
26.93,12.23,3.37
27.72,11.96,2.75
29.02,10.92,3.18
29.66,10.96,3.82
25.74,10.21,3.55
26.92,10,8.01
26.76,9.51,5.77
27.68,8.59,3.47
26.49,8.03,5.32
26.22,8.16,4.78
27.17,8.69,4.66
28.79,8.45,2.88
29.27,8.16,2.46
28.54,8.55,2.62
29.94,8.94,2.96
28.95,8.35,3.96
30.46,8.81,2.7
30.64,8.18,3.74
32.27,8.2,2.63
32.95,8.55,3.19
32.1,8.16,7.28
32.91,7.78,2.63
33.63,8.01,2.39
34.27,8.59,1.71
34.68,8.39,2.32
37.79,8.45,5.02
36.18,8.75,4.62
36.52,8.9,4.14
37.9,9.58,4.09
40.04,9.65,12.5
39.19,9.62,4.48
40.71,9.45,3.56
43.69,9.88,4.24
43.49,9.1,3.8
47.11,8.72,5.12
52.74,9.71,4.64
54.28,9.95,5.59
58.48,9.68,5.35
58.01,9.27,4.81
55.66,9.84,3.59
60.85,9.81,4.19
59.71,10.58,6.2
54.49,9.24,4.59
52.65,9.22,5.63
49.02,10.45,3.79
49.36,10.34,4.01
45.07,10.7,2.98
37.74,10.16,2.92
35.45,10.29,2.7
34.81,10.87,2.74
34.41,10.25,3.28
34.53,10.12,3.28
34.93,11.76,2.75
36,11.16,2.53
35.88,13.02,2.41
37.23,11.8,2.41
37.79,13.51,2.19
34.01,14.66,2.2
36.4,15.14,2.43
32.81,14.05,2.12
31.58,13.67,2.09
29.58,14.16,1.93
26.04,14.53,1.87
25.76,13.11,1.68
25.14,12.88,1.46
25.05,13.43,1.42
24.25,13.29,1.52
25.52,15.14,1.45
24.94,19.46,1.56
25.66,20.62,1.93
24.16,20.54,1.69
23.59,17.63,1.43
27.98,17.22,1.72
25.65,18.02,1.57
26.02,20.2,1.43
23.09,19.56,1.5
23.22,16.26,1.78
23.41,16.2,1.58
20.31,17.57,1.7
23.38,19.01,1.48
21.45,21.17,1.41
26.03,22.12,2.19
22.38,20.7,1.94
22.47,20.97,1.99
22.38,20.1,1.72
24.07,20.85,2.14
23.96,20.6,2.16
23.3,20.4,2.31
21.14,19.62,2.17
22.42,18.1,2.17
19.18,18.78,2.05
22.96,16.72,2.16
21.08,15.45,2.14
19.89,15.41,2.3
21.28,15.49,1.83
23.34,15.12,1.46
20.06,15.16,1.75
22.75,13.85,1.03
25.91,14.32,1.04
22.96,13.74,0.98
23.01,14.38,1.03
23.8,13.91,1.32
22.56,13.49,1.07
23.12,14.01,1.29
27.39,13.27,1.21
23.82,13.61,1.51
20.8,13.05,1.63
25.16,13.48,2.08
20.91,12.87,1.88
19.95,13.04,1.72
23.86,12.57,1.7
24.88,12.86,1.75
25.01,13.82,1.83
28.42,12.08,1.65
27.79,12,1.62
36.63,12.15,1.59
36.5,12.16,1.4
36.26,12.68,1.65
34.26,12.44,1.55
35.03,12.29,1.56
37.65,13.11,2.34
37.67,12.88,2.28
36.03,12.4,2.14
34.85,11.79,2.39
39.3,12.18,2.21
37.76,12.24,2.43
38.95,12.43,2.39
40.06,12.51,1.93
58.6,12.04,1.42
65.06,12.15,1.78
70.06,12.48,1.9
69.68,13,1.24
63.83,13.13,1.36
62.47,13.72,1.82
63.72,12.72,1.41
67.24,12.86,0.96
73.74,12.75,1.2
72.14,12.66,1.01
72.32,12.67,1.06
74.63,12.29,1.1
76,12.48,1.43
76.05,13.57,1.56
70.17,13.41,2.03
70.57,12.77,2.21
74.37,12.48,2.4
71.33,12.32,4.27
69.92,12.27,2.73
57.55,13.38,2.02
53.48,12.41,2.56
45.5,11.93,2.34
44.48,11.75,1.9
42.25,11.7,4.4
40.25,13.81,1.03
41.3,12.55,0.69
43.65,11.49,0.96
43.56,12.26,1.56
43.26,11.7,1.8
42.04,11.4,3.36
38.19,11.75,4.83
39.93,11.6,1.72
41.32,12.26,2.24
39.97,12.24,2.1
38.93,11.81,1.9
51.99,11.99,3.55
51.77,11.66,3.1
62.37,11.93,3.46
64.45,11.61,1.84
66.22,10.94,1.97
62.92,11.21,1.8
64.1,11.43,1.76
62.77,10.9,2.54
64.85,11.16,2.7
63.99,11.15,1.7
64.41,10.88,2.94
67.49,10.65,1.99
68.74,10.8,2.1
71.74,11.36,1.9
70.31,10.64,1.74
69.2,11.09,2.43
70,10.4,2.32
67.69,10.71,2.23
64.7,11.02,1.77
63.94,11.98,2.06
62.15,11.56,2.02
61.03,13.45,2.17
59.53,14.52,2.79
59.22,13.65,3.05
60.36,13.69,2.81
61.35,14.35,3.09
63.96,14.02,3.78
71.86,13.84,2.15
68.35,13.89,2.71
71.91,13.59,2.24
72.27,13.4,2.22
75.68,12.34,1.88
75.22,11.99,2.32
77.67,11.93,3.21
83.91,12.12,2.97
85.86,11.13,3.9
91.47,11.64,2.38
93.78,11.96,2.22
80.15,9.54,2.6
63.91,9.65,2.23
59.32,9.33,2.43
59.11,9.9,2.22
64.01,9.38,3.91
63.96,9.4,3.52
67.79,9.36,2.34
69.89,9.13,2.36
71.86,9.17,2.43
69.43,9.18,2.11
69.84,9.58,2.16
69.23,8.99,2.37
68.35,9.68,2.03
66.82,9.86,2.11
67.08,9.57,3.57
65.69,9.45,1.97
65.6,10.74,2.26
66.34,10.64,2.71
63.54,10.77,2.28
64.44,10.54,2.47
63.83,10.65,2.44
63.1,11.02,2.52
62.37,11.02,2.02
59.73,11.57,4.18
60.39,11.25,2.9
60.45,11.87,2.86
60.24,11.48,3.54
60.3,11.28,3.24
55.28,11.91,2.75
53.78,12.28,2.65
51.8,11.4,2.68
49.56,11.53,3.32
47.51,12.16,3.97
46.62,11.55,3.88
46.25,12.25,3.1
43.65,12.4,2.92
42.47,12.26,3.49
40.15,12.4,2.31
38.71,11.47,2.27
36.66,11.72,2.28
37.62,12.08,2.67
38.28,11.75,2.75
37.98,11.7,2.48
40.68,13.07,2.43
39.09,12.1,2.17
38.17,12.46,1.98
38.4,13.45,2.02
37.16,12.08,2.76
34.77,12.51,1.91
36.08,11.67,1.35
39.16,12.81,1.82
36.73,12.96,1.73
34.37,13.13,1.36
37.29,13.47,1.36
33.86,13.6,1.23
33.53,13.73,1.21
33.3,16.62,1.39
37.63,17.41,1.66
36.58,18.33,1.29
30.23,21.61,1.19
32.36,19.38,1.21
30.85,18.26,1.49
26.92,20.62,1.1
30.42,21.07,0.97
26.52,23.81,1.76
25.81,26.93,1.26
29.69,26.51,1.38
34,28.11,1.59
34.85,27.73,1.25
25.5,28.49,1.06
23.95,26.98,1.11
26.37,26.12,1.1
28.54,24.33,1.01
27.39,23.43,1.24
23.41,23.04,1.43
23.56,20.67,1.22
24.54,19.47,1.26
24.26,17.61,1.16
21.95,17.82,1.05
32.69,17.5,1.26
23.07,16.99,1.08
23.54,16.68,1.36
22.52,16.3,1.02
27.79,16.12,1.13
24.7,15.88,1.89
26.59,15.72,1.2
26.16,15.26,1.01
25.9,14.57,1.22
24.03,14.07,1.43
24.91,13.4,1.21
24.19,14.45,1.22
25.95,13.47,1.15
23.5,13.62,1.08
25.2,12.77,1.31
24.07,12.47,1.39
25.63,12.75,1.29
26.25,13.37,1.3
26.16,12.47,1.34
27.08,12.49,1.43
24.53,12.92,1.34
25.58,12.46,1.54
26.64,12.81,1.34
30.38,13.66,2.01
25.91,13.86,1.71
25.71,15.02,1.64
27.73,12.56,1.56
32.35,12.52,1.58
34.14,12.25,1.94
37.77,12.46,1.76
38.94,12.46,1.59
35.69,12.73,1.68
39.44,12.18,1.28
35.99,11.73,2.1
33.07,12.17,2.36
36.74,12.27,2.01
34.96,12.7,2.39
33.1,13.99,1.98
31.2,16.07,2.34
30.26,16.32,1.74
29.84,16.08,1.77
28.99,25.55,2.1
31.85,24.29,2.2
34.94,17.39,2.01
36.08,12.52,1.88
35.16,11.3,2.15
37.78,12.01,2.15
35.38,12.24,1.91
37.01,12.2,2.08
36.81,11.27,2.61
40.72,11.63,2.09
42.16,12.01,2.1
46.67,11.45,2.34
48.44,13,1.99
49.47,12.56,3.1
48.62,12.55,1.85
47.47,13.55,2.37
50.77,14.44,2.2
48.84,13.78,2.23
50.52,13.13,2.2
53.1,13.23,2.53
49.67,12.72,1.75
49.17,12.14,1.5
51.74,11.16,1.78
55.86,11.12,2.17
57.98,11.21,1.95
49.48,11,1.66
41.39,10.46,1.83
43.13,11.56,1.45
42.1,11.41,1.83
43.8,12.55,1.75
46.34,12.62,1.3
44.8,12.49,1.6
45.89,11.99,0.95
46.64,11.28,1.01
45.17,11.17,1.18
45.5,11.31,1.06
45.37,11.59,1.46
46.58,12.45,1.66
45.65,11.59,1.9
49.01,12.6,3.2
47.28,10.99,1.54
49.66,10.22,1.5
52.53,10.81,1.39
53.36,12.08,1.54
52.6,11.99,1.9
50.84,12.33,1.77
52.81,12.75,2.18
51.4,13.26,1.89
54.74,13.42,2.46
52.12,14.66,1.89
51.35,15.85,1.54
49.54,15.84,1.95
48.37,14.5,2.94
52.58,14.09,1.68
55.1,15.77,2.08
57.61,17.13,1.89
57.23,16.37,1.46
54.78,14.97,1.7
53.25,16.41,1.8
52.6,15.67,2.18
51,15.68,1.96
54.3,17.14,2.27
53.59,16.86,1.91
53.39,17.79,2.4
51.33,16.52,2.52
49.06,16.89,1.69
46.97,17.12,2.09
47.7,14.39,1.58
49.97,12.92,1.68
49.14,13.24,2.32
50.29,12.25,2.23
51.52,12.16,1.44
51.12,12.99,1.58
50.41,11.52,4.59
51.04,11.24,2.89
52.14,10.19,1.65
52.65,10.37,1.4
52.19,10.08,2.3
51.82,9.77,1.41
52.29,10.17,1.65
52.63,10.3,2.27
51.53,10.17,1.83
49.77,10.24,2.21
49.56,10.95,1.77
53.04,10.27,1.99
54.55,10.4,1.53
57.5,10.43,2.05
51.8,10.43,2.04
52.42,9.91,2.68
56.86,10.81,1.95
50.17,10.07,2.36
44.6,9.53,2.67
44.69,9.79,3.53
44.08,9.76,3.26
41.7,10.34,2.44
42.1,9.45,2.86
40.38,9.69,2.85
40.45,9.23,2.14
39.71,9.54,2.38
40.31,9.52,2.04
38.48,9.39,3.37
36.89,10.35,4.02
37.72,9.42,3.82
37.37,9.05,5.53
36.53,9.44,4.95
38.51,10.22,4.04
37.23,9.8,4.93
36.15,10.07,7.13
36.39,10.16,4.84
37.41,11.83,6.86
39.11,10.23,5.07
40.09,9.2,4.96
41.37,9.89,6.31
39.5,9.52,5.27
38.97,10.48,4.5
37.51,9.72,3.72
39.36,10.03,2.75
41.43,10.81,3.92
38.41,11.54,2.73
45.73,12.06,3.15
38.54,11.87,2.7
47.07,11.71,1.82
40.84,11.69,2.21
37.55,11.4,2.22
40.76,11.18,1.9
37.71,11.26,2.85
42.96,11.57,1.47
31.79,10.46,1.12
35.79,10.59,1.15
41.26,15.06,1.02
33.52,14.39,1.12
33.61,12.94,1.83
36.97,12.84,1.38
34.37,14.28,1.24
39.08,14.79,1.47
30.06,14.97,1.84
33.84,16.87,1.41
33.89,16.69,1.36
30.99,16.37,1.24
30.28,16.34,1.77
33.62,23.47,1.74
32.71,24.78,1.36
31.31,24.57,1.14
29.31,21.42,1.96
30.72,23.39,1.8
36.02,25.1,2
28.51,23.35,1.5
33.13,25.01,1.73
29.64,22.24,1.78
31.37,22.09,1.66
29.39,20.83,1.34
27.86,20.47,1.48
27.54,26.74,1.17
28.79,17.06,1.22
34.44,15.85,1.73
30.29,15.56,1.33
33.96,14.39,1.82
31.54,12.72,1.32
32.63,13.45,1.22
33.56,12.38,1.34
35.09,11.94,1.35
32.51,11.81,1.25
31.65,11.39,1.25
33.5,11.37,1.1
33.12,9.97,1.15
31.37,9.53,1.32
30.09,9.6,1.47
30.82,10.13,1.58
32.36,10.04,1.67
31.31,9.49,1.48
32.05,8.93,1.7
30.43,9.36,2.71
35.34,8.84,1.95
33.62,9.1,1.06
36.99,9.09,0.92
37.74,8.92,1.32
33.33,8.95,1.09
30.87,8.74,2.84
31.36,8.44,1.75
31.13,8.99,1
33.94,8.88,1.23
31.87,9.11,1.68
36.4,9,3.84
32.55,9.35,2.1
36.15,9.04,2.31
31.55,9.99,2.32
27.72,9.25,3.87
26.89,8.94,2.26
29.02,9.11,2.62
26.82,8.23,6.04
23.67,8.8,2.77
24.26,9.22,2.88
26.61,8.99,2.74
28.09,9.23,3.16
23.62,9.15,3.41
26.69,8.77,2.78
28.3,8.22,2.75
30.11,9.29,2.6
30.15,8.76,3.14
25.77,8.76,4.28
31.22,9.06,3.3
30.85,8.9,3.18
28.76,9.39,3.73
31.1,9.76,2.21
32.43,9.29,2.91
31.05,9.17,2.98
32.37,8.95,2.34
30.62,9.51,2.27
30.23,9.88,3.17
29.85,9.77,4
35.46,10.38,2.33
28.59,10.64,3.41
30.27,9.62,4.93
28.18,9.98,6.11
27.49,9.69,2.2
27.26,9.73,2.19
27.02,9.78,1.85
28.27,10.48,1.64
27.98,11.25,2.12
26.32,9.36,2.82
28.96,9.16,2.65
25.14,9.22,3.3
24.88,11.2,2.42
25.19,9.97,1.95
24.9,9.78,2.42
29.99,10.25,1.68
27.45,10.03,1.93
27.93,10.95,2.18
27.63,11.48,3.61
28.91,11.87,2.09
30.83,12.07,3.47
31.1,11.49,5.2
36.09,11.56,7.19
33.17,10.57,4.14
